customer_id,profile,is_vegetarian,n_orders
C00200,morning_office_goer,True,7
C01772,morning_office_goer,True,4
C00949,morning_office_goer,True,3
C00590,dessert_and_snack_lover,True,2
C00030,morning_office_goer,True,23
C00005,dessert_and_snack_lover,True,79
C01417,morning_office_goer,True,5
C00596,quick_lunch_person,True,3
C00877,morning_office_goer,True,2
C00002,dessert_and_snack_lover,True,118
C01859,morning_office_goer,True,5
C01289,morning_office_goer,True,3
C00057,morning_office_goer,True,23
C00042,morning_office_goer,True,17
C00125,morning_office_goer,True,13
C00434,morning_office_goer,True,5
C00277,morning_office_goer,True,9
C00114,dessert_and_snack_lover,True,9
C00621,dessert_and_snack_lover,True,4
C00024,morning_office_goer,True,24
C00115,dessert_and_snack_lover,True,7
C00190,college_student,True,8
C00313,dessert_and_snack_lover,True,6
C01121,morning_office_goer,True,4
C00051,dessert_and_snack_lover,True,20
C00414,morning_office_goer,True,3
C00576,dessert_and_snack_lover,True,6
C00004,dessert_and_snack_lover,True,80
C00611,morning_office_goer,True,5
C00036,dessert_and_snack_lover,True,22
C00006,morning_office_goer,True,64
C01763,dessert_and_snack_lover,True,3
C01839,quick_lunch_person,True,5
C01202,morning_office_goer,True,2
C00126,morning_office_goer,True,10
C00013,dessert_and_snack_lover,True,39
C00809,college_student,True,3
C00289,morning_office_goer,True,7
C00019,dessert_and_snack_lover,True,27
C00379,dessert_and_snack_lover,True,4
C00003,morning_office_goer,True,105
C01592,dessert_and_snack_lover,True,4
C00088,morning_office_goer,True,15
C00749,dessert_and_snack_lover,True,5
C00132,quick_lunch_person,True,12
C00425,dessert_and_snack_lover,True,9
C00477,morning_office_goer,True,11
C00043,dessert_and_snack_lover,True,23
C01857,dessert_and_snack_lover,True,3
C01087,dessert_and_snack_lover,True,3
C01722,family_visitor,True,2
C01532,college_student,True,4
C00588,college_student,True,4
C01645,dessert_and_snack_lover,True,2
C00011,morning_office_goer,True,43
C00049,morning_office_goer,True,23
C00146,quick_lunch_person,True,9
C00217,morning_office_goer,True,8
C00097,dessert_and_snack_lover,True,18
C01275,quick_lunch_person,True,3
C00179,dessert_and_snack_lover,True,11
C00105,morning_office_goer,True,13
C00469,dessert_and_snack_lover,True,6
C00025,dessert_and_snack_lover,True,28
C01180,college_student,True,4
C00008,dessert_and_snack_lover,True,58
C01938,dessert_and_snack_lover,True,2
C01078,morning_office_goer,True,4
C00050,morning_office_goer,True,20
C00001,morning_office_goer,True,182
C01227,college_student,True,1
C00873,dessert_and_snack_lover,True,6
C00940,morning_office_goer,True,4
C01074,dessert_and_snack_lover,True,5
C00181,morning_office_goer,True,9
C00017,dessert_and_snack_lover,True,32
C01405,morning_office_goer,True,3
C00649,dessert_and_snack_lover,True,6
C00151,morning_office_goer,True,4
C00145,morning_office_goer,True,14
C00941,morning_office_goer,True,5
C00684,morning_office_goer,True,6
C01501,morning_office_goer,True,1
C00340,morning_office_goer,True,3
C00018,morning_office_goer,True,40
C00892,morning_office_goer,True,5
C01040,quick_lunch_person,True,4
C00507,morning_office_goer,True,4
C01073,dessert_and_snack_lover,True,4
C00377,morning_office_goer,True,5
C00430,morning_office_goer,True,3
C00270,morning_office_goer,True,9
C00015,morning_office_goer,True,31
C00681,dessert_and_snack_lover,True,8
C00135,morning_office_goer,True,9
C00403,college_student,True,6
C01585,morning_office_goer,True,2
C00081,dessert_and_snack_lover,True,15
C00246,dessert_and_snack_lover,True,10
C01023,morning_office_goer,True,2
C00067,morning_office_goer,True,20
C00113,morning_office_goer,True,6
C00033,dessert_and_snack_lover,True,27
C01679,morning_office_goer,True,1
C01201,college_student,True,4
C00674,college_student,True,7
C01438,morning_office_goer,True,5
C01185,morning_office_goer,True,5
C00044,morning_office_goer,True,16
C01523,morning_office_goer,True,4
C00462,morning_office_goer,True,5
C01198,dessert_and_snack_lover,True,3
C01537,morning_office_goer,True,1
C00138,morning_office_goer,True,6
C00016,dessert_and_snack_lover,True,32
C00269,morning_office_goer,True,5
C01236,morning_office_goer,True,5
C01396,college_student,True,1
C00407,morning_office_goer,True,6
C00256,college_student,True,12
C00063,morning_office_goer,True,12
C00158,quick_lunch_person,True,12
C01737,dessert_and_snack_lover,True,4
C00143,dessert_and_snack_lover,True,9
C00422,morning_office_goer,True,8
C00862,college_student,True,2
C00187,morning_office_goer,True,7
C01867,quick_lunch_person,True,1
C01825,college_student,True,2
C00083,morning_office_goer,True,20
C00383,morning_office_goer,True,6
C00122,dessert_and_snack_lover,True,7
C00108,dessert_and_snack_lover,True,10
C00616,quick_lunch_person,True,6
C00392,dessert_and_snack_lover,True,9
C00103,dessert_and_snack_lover,True,11
C01588,dessert_and_snack_lover,True,6
C00074,morning_office_goer,True,13
C00026,morning_office_goer,True,23
C00369,dessert_and_snack_lover,True,7
C01932,morning_office_goer,True,3
C00076,morning_office_goer,True,22
C00775,dessert_and_snack_lover,True,3
C01043,dessert_and_snack_lover,True,5
C00073,morning_office_goer,True,16
C00937,quick_lunch_person,True,3
C00192,morning_office_goer,True,11
C00671,morning_office_goer,True,5
C00455,college_student,True,8
C01299,dessert_and_snack_lover,True,2
C00141,dessert_and_snack_lover,True,14
C00572,dessert_and_snack_lover,True,8
C00790,dessert_and_snack_lover,True,8
C00410,dessert_and_snack_lover,True,8
C00066,morning_office_goer,True,15
C00704,morning_office_goer,True,5
C00038,morning_office_goer,True,22
C00827,morning_office_goer,True,4
C00215,morning_office_goer,True,8
C01710,morning_office_goer,True,4
C00162,morning_office_goer,True,9
C01657,morning_office_goer,True,4
C01461,morning_office_goer,True,4
C00087,morning_office_goer,True,20
C00742,morning_office_goer,True,2
C01233,morning_office_goer,True,6
C00495,morning_office_goer,True,7
C00443,morning_office_goer,True,6
C01542,quick_lunch_person,True,4
C01555,dessert_and_snack_lover,True,1
C00673,morning_office_goer,True,3
C00160,morning_office_goer,True,8
C00171,morning_office_goer,True,8
C00930,morning_office_goer,True,3
C01541,morning_office_goer,True,2
C01500,morning_office_goer,True,2
C01103,morning_office_goer,True,4
C00696,dessert_and_snack_lover,True,6
C00010,dessert_and_snack_lover,True,59
C01547,family_visitor,True,4
C00608,dessert_and_snack_lover,True,5
C00752,dessert_and_snack_lover,True,8
C00032,morning_office_goer,True,21
C00481,dessert_and_snack_lover,True,5
C00830,dessert_and_snack_lover,True,6
C00721,dessert_and_snack_lover,True,3
C00065,quick_lunch_person,True,15
C00889,family_visitor,True,4
C00994,dessert_and_snack_lover,True,2
C00715,dessert_and_snack_lover,True,5
C01352,morning_office_goer,True,2
C00736,college_student,True,2
C00522,morning_office_goer,True,5
C00012,morning_office_goer,True,38
C00093,quick_lunch_person,True,18
C00077,dessert_and_snack_lover,True,10
C01873,dessert_and_snack_lover,True,4
C00223,dessert_and_snack_lover,True,11
C01521,quick_lunch_person,True,3
C00668,morning_office_goer,True,2
C01154,dessert_and_snack_lover,True,3
C00541,dessert_and_snack_lover,True,10
C00374,dessert_and_snack_lover,True,11
C00048,dessert_and_snack_lover,True,16
C00920,morning_office_goer,True,4
C00039,college_student,True,19
C01726,quick_lunch_person,True,4
C01786,college_student,True,2
C01615,dessert_and_snack_lover,True,5
C00195,dessert_and_snack_lover,True,6
C01673,morning_office_goer,True,2
C00271,college_student,True,5
C01844,morning_office_goer,True,5
C01830,dessert_and_snack_lover,True,2
C01366,dessert_and_snack_lover,True,1
C00117,morning_office_goer,True,11
C00213,morning_office_goer,True,6
C01359,morning_office_goer,True,3
C00137,dessert_and_snack_lover,True,14
C00498,morning_office_goer,True,9
C01707,morning_office_goer,True,5
C00842,morning_office_goer,True,8
C00526,morning_office_goer,True,3
C00629,morning_office_goer,True,8
C01953,college_student,True,3
C00421,morning_office_goer,True,11
C00976,dessert_and_snack_lover,True,5
C00845,morning_office_goer,True,7
C00861,morning_office_goer,True,5
C00182,morning_office_goer,True,8
C00116,dessert_and_snack_lover,True,8
C01205,family_visitor,True,1
C01208,morning_office_goer,True,5
C01421,family_visitor,True,4
C01609,morning_office_goer,True,3
C00408,dessert_and_snack_lover,True,5
C00390,morning_office_goer,True,5
C01166,morning_office_goer,True,3
C00716,dessert_and_snack_lover,True,4
C00859,college_student,True,3
C01157,morning_office_goer,True,3
C01512,college_student,True,3
C00159,college_student,True,10
C00201,morning_office_goer,True,7
C00544,dessert_and_snack_lover,True,7
C00329,morning_office_goer,True,2
C00110,dessert_and_snack_lover,True,13
C01253,college_student,True,5
C00183,quick_lunch_person,True,7
C00020,morning_office_goer,True,41
C00429,morning_office_goer,True,3
C01070,college_student,True,2
C00060,quick_lunch_person,True,8
C00648,morning_office_goer,True,5
C00446,morning_office_goer,True,6
C00465,dessert_and_snack_lover,True,8
C00931,morning_office_goer,True,2
C01886,dessert_and_snack_lover,True,5
C00418,dessert_and_snack_lover,True,6
C01155,family_visitor,True,4
C00287,dessert_and_snack_lover,True,7
C00009,morning_office_goer,True,54
C01302,morning_office_goer,True,4
C00244,dessert_and_snack_lover,True,7
C00031,morning_office_goer,True,26
C00082,morning_office_goer,True,11
C00482,quick_lunch_person,True,6
C00896,morning_office_goer,True,5
C00743,family_visitor,True,2
C00104,quick_lunch_person,True,10
C01790,dessert_and_snack_lover,True,1
C00967,college_student,True,7
C00493,dessert_and_snack_lover,True,5
C00259,morning_office_goer,True,5
C00080,dessert_and_snack_lover,True,16
C00178,morning_office_goer,True,9
C01030,college_student,True,2
C01376,dessert_and_snack_lover,True,3
C00864,family_visitor,True,4
C00343,quick_lunch_person,True,8
C00373,morning_office_goer,True,7
C00342,morning_office_goer,True,7
C00279,morning_office_goer,True,7
C00230,morning_office_goer,True,7
C00631,morning_office_goer,True,3
C00678,dessert_and_snack_lover,True,3
C00655,morning_office_goer,True,6
C00393,morning_office_goer,True,10
C01379,morning_office_goer,True,2
C00739,morning_office_goer,True,7
C00007,morning_office_goer,True,74
C00697,morning_office_goer,True,2
C00561,quick_lunch_person,True,6
C01725,morning_office_goer,True,2
C00538,morning_office_goer,True,6
C00699,morning_office_goer,True,3
C00317,morning_office_goer,True,10
C00475,college_student,True,5
C01730,morning_office_goer,True,3
C00214,morning_office_goer,True,5
C01819,morning_office_goer,True,2
C01575,morning_office_goer,True,3
C00805,morning_office_goer,True,3
C00139,dessert_and_snack_lover,True,5
C01335,college_student,True,4
C01223,college_student,True,3
C00106,morning_office_goer,True,15
C00844,morning_office_goer,True,3
C00663,morning_office_goer,True,4
C01462,dessert_and_snack_lover,True,4
C00958,morning_office_goer,True,3
C01184,dessert_and_snack_lover,True,5
C00040,morning_office_goer,True,17
C01007,family_visitor,True,2
C01196,family_visitor,True,3
C01955,morning_office_goer,True,1
C00249,morning_office_goer,True,6
C00197,dessert_and_snack_lover,True,9
C01091,morning_office_goer,True,1
C00161,dessert_and_snack_lover,True,9
C01684,dessert_and_snack_lover,True,4
C01387,college_student,True,5
C00272,morning_office_goer,True,7
C01008,morning_office_goer,True,4
C01020,dessert_and_snack_lover,True,2
C00014,dessert_and_snack_lover,True,40
C01564,dessert_and_snack_lover,True,1
C00397,dessert_and_snack_lover,True,8
C01267,dessert_and_snack_lover,True,3
C00140,morning_office_goer,True,10
C01535,dessert_and_snack_lover,True,5
C00218,morning_office_goer,True,10
C01576,college_student,True,2
C01769,morning_office_goer,True,3
C01771,dessert_and_snack_lover,True,7
C00533,dessert_and_snack_lover,True,3
C00670,college_student,True,4
C00301,dessert_and_snack_lover,True,8
C00149,quick_lunch_person,True,6
C00776,dessert_and_snack_lover,True,5
C01013,morning_office_goer,True,5
C01143,college_student,True,2
C01136,morning_office_goer,True,2
C00378,morning_office_goer,True,5
C00483,family_visitor,True,5
C00291,dessert_and_snack_lover,True,5
C01503,morning_office_goer,True,3
C00172,morning_office_goer,True,12
C01042,family_visitor,True,1
C00636,morning_office_goer,True,5
C00856,morning_office_goer,True,3
C01250,morning_office_goer,True,4
C00871,morning_office_goer,True,3
C01937,quick_lunch_person,True,3
C00199,dessert_and_snack_lover,True,6
C01217,morning_office_goer,True,4
C01756,morning_office_goer,True,6
C01934,morning_office_goer,True,2
C01016,morning_office_goer,True,5
C00202,morning_office_goer,True,8
C01094,morning_office_goer,True,2
C00501,dessert_and_snack_lover,True,2
C00265,family_visitor,True,6
C01580,morning_office_goer,True,3
C00334,dessert_and_snack_lover,True,7
C00714,morning_office_goer,True,4
C00993,morning_office_goer,True,3
C00555,dessert_and_snack_lover,True,10
C01823,morning_office_goer,True,3
C00109,dessert_and_snack_lover,True,14
C01427,college_student,True,3
C00064,morning_office_goer,True,8
C01828,morning_office_goer,True,2
C01517,morning_office_goer,True,2
C00439,dessert_and_snack_lover,True,8
C01967,college_student,True,1
C00492,morning_office_goer,True,10
C01856,morning_office_goer,True,3
C00664,dessert_and_snack_lover,True,2
C00841,family_visitor,True,3
C00311,morning_office_goer,True,7
C00659,dessert_and_snack_lover,True,4
C00557,morning_office_goer,True,2
C01558,morning_office_goer,True,3
C01770,dessert_and_snack_lover,True,4
C01513,morning_office_goer,True,7
C00641,quick_lunch_person,True,4
C00102,dessert_and_snack_lover,True,13
C00045,dessert_and_snack_lover,True,15
C00326,morning_office_goer,True,9
C00175,morning_office_goer,True,8
C00556,dessert_and_snack_lover,True,4
C01879,college_student,True,2
C01935,college_student,True,3
C00848,family_visitor,True,4
C00456,college_student,True,3
C00130,morning_office_goer,True,13
C01221,morning_office_goer,True,3
C00810,college_student,True,2
C01599,dessert_and_snack_lover,True,2
C01252,dessert_and_snack_lover,True,5
C01768,dessert_and_snack_lover,True,2
C00625,dessert_and_snack_lover,True,6
C00257,morning_office_goer,True,10
C01692,dessert_and_snack_lover,True,5
C01209,morning_office_goer,True,3
C01940,morning_office_goer,True,3
C00028,dessert_and_snack_lover,True,20
C00580,morning_office_goer,True,4
C00208,morning_office_goer,True,7
C01325,morning_office_goer,True,3
C01311,morning_office_goer,True,2
C00252,dessert_and_snack_lover,True,8
C00099,morning_office_goer,True,9
C01411,morning_office_goer,True,3
C01218,dessert_and_snack_lover,True,3
C01999,morning_office_goer,True,1
C01984,morning_office_goer,True,2
C01067,morning_office_goer,True,5
C01745,morning_office_goer,True,5
C01353,college_student,True,3
C00305,morning_office_goer,True,4
C00021,dessert_and_snack_lover,True,36
C01787,morning_office_goer,True,2
C00774,morning_office_goer,True,5
C01363,morning_office_goer,True,2
C00488,morning_office_goer,True,4
C01458,morning_office_goer,True,5
C00237,morning_office_goer,True,9
C00023,morning_office_goer,True,30
C01022,dessert_and_snack_lover,True,3
C00642,college_student,True,3
C00865,dessert_and_snack_lover,True,6
C00058,quick_lunch_person,True,11
C00570,morning_office_goer,True,2
C00222,morning_office_goer,True,7
C00285,dessert_and_snack_lover,True,7
C01571,dessert_and_snack_lover,True,3
C00170,dessert_and_snack_lover,True,4
C00413,morning_office_goer,True,7
C01116,morning_office_goer,True,4
C00227,morning_office_goer,True,11
C00646,morning_office_goer,True,3
C01402,dessert_and_snack_lover,True,4
C01766,morning_office_goer,True,1
C00027,dessert_and_snack_lover,True,21
C01666,dessert_and_snack_lover,True,2
C00318,quick_lunch_person,True,6
C01906,morning_office_goer,True,3
C00075,college_student,True,17
C00029,dessert_and_snack_lover,True,24
C00693,college_student,True,7
C00167,morning_office_goer,True,14
C01540,family_visitor,True,3
C00763,morning_office_goer,True,6
C00037,morning_office_goer,True,22
C00047,dessert_and_snack_lover,True,17
C00321,morning_office_goer,True,10
C00054,morning_office_goer,True,17
C00188,morning_office_goer,True,5
C00394,college_student,True,5
C00826,dessert_and_snack_lover,True,2
C01170,family_visitor,True,2
C00660,dessert_and_snack_lover,True,5
C01446,morning_office_goer,True,8
C01641,morning_office_goer,True,6
C01194,college_student,True,1
C01000,dessert_and_snack_lover,True,5
C00056,morning_office_goer,True,23
C00360,college_student,True,6
C00637,quick_lunch_person,True,5
C00193,quick_lunch_person,True,10
C00324,dessert_and_snack_lover,True,6
C00997,morning_office_goer,True,3
C01533,dessert_and_snack_lover,True,6
C00409,morning_office_goer,True,7
C00448,morning_office_goer,True,7
C00300,morning_office_goer,True,6
C00449,dessert_and_snack_lover,True,5
C00096,morning_office_goer,True,12
C00203,dessert_and_snack_lover,True,11
C00142,morning_office_goer,True,6
C00148,college_student,True,9
C01514,dessert_and_snack_lover,True,3
C00578,morning_office_goer,True,7
C00794,morning_office_goer,True,4
C01135,morning_office_goer,True,3
C00385,dessert_and_snack_lover,True,3
C00458,dessert_and_snack_lover,True,7
C00563,morning_office_goer,True,6
C00991,morning_office_goer,True,2
C00276,dessert_and_snack_lover,True,7
C00107,dessert_and_snack_lover,True,7
C00186,morning_office_goer,True,7
C00706,family_visitor,True,3
C00528,morning_office_goer,True,5
C01936,morning_office_goer,True,3
C00607,dessert_and_snack_lover,True,8
C00079,morning_office_goer,True,19
C00433,college_student,True,5
C01917,college_student,True,3
C00229,morning_office_goer,True,11
C01414,dessert_and_snack_lover,True,2
C00766,morning_office_goer,True,3
C01678,morning_office_goer,True,3
C00529,dessert_and_snack_lover,True,7
C01068,college_student,True,5
C00144,quick_lunch_person,True,6
C00267,dessert_and_snack_lover,True,7
C00401,college_student,True,4
C00618,college_student,True,5
C00112,dessert_and_snack_lover,True,14
C00551,quick_lunch_person,True,5
C00355,college_student,True,6
C00157,quick_lunch_person,True,9
C01207,dessert_and_snack_lover,True,4
C00085,college_student,True,8
C00801,college_student,True,2
C01038,dessert_and_snack_lover,True,3
C00583,quick_lunch_person,True,5
C00338,dessert_and_snack_lover,True,4
C00248,morning_office_goer,True,8
C01282,dessert_and_snack_lover,True,2
C01836,dessert_and_snack_lover,True,2
C00945,morning_office_goer,True,5
C01717,dessert_and_snack_lover,True,5
C00041,morning_office_goer,True,20
C00977,morning_office_goer,True,1
C00536,morning_office_goer,True,1
C01324,morning_office_goer,True,5
C01156,morning_office_goer,True,2
C00052,morning_office_goer,True,12
C00034,morning_office_goer,True,26
C01224,quick_lunch_person,True,3
C00756,dessert_and_snack_lover,True,5
C01231,morning_office_goer,True,2
C00123,dessert_and_snack_lover,True,9
C00998,morning_office_goer,True,2
C00070,dessert_and_snack_lover,True,22
C01551,family_visitor,True,2
C00211,quick_lunch_person,True,10
C00471,dessert_and_snack_lover,True,7
C00651,morning_office_goer,True,3
C01723,dessert_and_snack_lover,True,1
C00155,quick_lunch_person,True,12
C01151,morning_office_goer,True,5
C00451,dessert_and_snack_lover,True,6
C01528,morning_office_goer,True,4
C01133,morning_office_goer,True,2
C00986,dessert_and_snack_lover,True,3
C01045,dessert_and_snack_lover,True,5
C01459,college_student,True,1
C00163,college_student,True,17
C01248,dessert_and_snack_lover,True,5
C01341,dessert_and_snack_lover,True,4
C00228,morning_office_goer,True,10
C01163,college_student,True,4
C00068,dessert_and_snack_lover,True,12
C00919,dessert_and_snack_lover,True,5
C00912,morning_office_goer,True,3
C00836,dessert_and_snack_lover,True,4
C00233,dessert_and_snack_lover,True,4
C00323,morning_office_goer,True,5
C00562,dessert_and_snack_lover,True,3
C00398,quick_lunch_person,True,11
C00620,college_student,True,4
C01440,morning_office_goer,True,3
C01690,morning_office_goer,True,3
C00516,morning_office_goer,True,4
C01648,morning_office_goer,True,5
C00874,college_student,True,5
C00540,morning_office_goer,True,5
C00609,morning_office_goer,True,6
C00963,morning_office_goer,True,3
C01699,morning_office_goer,True,2
C01661,college_student,True,1
C01928,dessert_and_snack_lover,True,3
C01313,morning_office_goer,True,4
C01432,dessert_and_snack_lover,True,3
C00573,morning_office_goer,True,2
C00231,morning_office_goer,True,6
C00156,morning_office_goer,True,11
C01182,morning_office_goer,True,3
C00154,dessert_and_snack_lover,True,11
C01637,dessert_and_snack_lover,True,4
C00168,dessert_and_snack_lover,True,8
C00966,quick_lunch_person,True,6
C00307,college_student,True,9
C00308,family_visitor,True,3
C00258,dessert_and_snack_lover,True,13
C00185,dessert_and_snack_lover,True,8
C00549,family_visitor,True,4
C01818,dessert_and_snack_lover,True,2
C01985,dessert_and_snack_lover,True,4
C01005,dessert_and_snack_lover,True,3
C01545,dessert_and_snack_lover,True,6
C00053,morning_office_goer,True,22
C00046,morning_office_goer,True,21
C00339,dessert_and_snack_lover,True,6
C00515,morning_office_goer,True,7
C01088,quick_lunch_person,True,4
C00309,dessert_and_snack_lover,True,4
C00290,quick_lunch_person,True,6
C00504,quick_lunch_person,True,6
C01400,morning_office_goer,True,4
C01751,dessert_and_snack_lover,True,3
C00198,quick_lunch_person,True,9
C00701,family_visitor,True,4
C00900,dessert_and_snack_lover,True,4
C00740,morning_office_goer,True,6
C00069,college_student,True,15
C01172,morning_office_goer,True,4
C00723,morning_office_goer,True,2
C01281,morning_office_goer,True,2
C00764,morning_office_goer,True,6
C01538,dessert_and_snack_lover,True,3
C00055,dessert_and_snack_lover,True,11
C00261,dessert_and_snack_lover,True,6
C01234,family_visitor,True,3
C00206,dessert_and_snack_lover,True,9
C00571,dessert_and_snack_lover,True,4
C00095,morning_office_goer,True,21
C00245,college_student,True,10
C00283,college_student,True,7
C01761,morning_office_goer,True,3
C01049,morning_office_goer,True,5
C01426,morning_office_goer,True,2
C00365,dessert_and_snack_lover,True,6
C01531,morning_office_goer,True,1
C00467,morning_office_goer,True,6
C01298,college_student,True,4
C01926,morning_office_goer,True,2
C00435,dessert_and_snack_lover,True,5
C00098,morning_office_goer,True,13
C01613,morning_office_goer,True,2
C00100,college_student,True,18
C00720,dessert_and_snack_lover,True,2
C01279,dessert_and_snack_lover,True,2
C01553,dessert_and_snack_lover,True,4
C01447,dessert_and_snack_lover,True,4
C00587,college_student,True,5
C00594,dessert_and_snack_lover,True,3
C01614,dessert_and_snack_lover,True,4
C00210,morning_office_goer,True,8
C00423,dessert_and_snack_lover,True,8
C00035,dessert_and_snack_lover,True,29
C00601,college_student,True,9
C00078,dessert_and_snack_lover,True,10
C00909,dessert_and_snack_lover,True,2
C00119,college_student,True,10
C00518,dessert_and_snack_lover,True,4
C00346,dessert_and_snack_lover,True,6
C00951,dessert_and_snack_lover,True,6
C00059,quick_lunch_person,True,18
C00090,dessert_and_snack_lover,True,9
C00582,college_student,True,7
C00381,dessert_and_snack_lover,True,9
C00586,college_student,True,5
C00380,college_student,True,5
C00820,dessert_and_snack_lover,True,4
C00281,morning_office_goer,True,4
C01240,morning_office_goer,True,4
C00838,morning_office_goer,True,4
C00184,college_student,True,5
C01626,morning_office_goer,True,2
C00298,morning_office_goer,True,4
C01444,morning_office_goer,True,2
C01195,morning_office_goer,True,3
C00831,morning_office_goer,True,6
C01942,morning_office_goer,True,4
C01742,quick_lunch_person,True,4
C00870,morning_office_goer,True,2
C01660,morning_office_goer,True,1
C01618,morning_office_goer,True,2
C00846,morning_office_goer,True,3
C01656,morning_office_goer,True,1
C01864,morning_office_goer,True,3
C01743,dessert_and_snack_lover,True,1
C01401,dessert_and_snack_lover,True,4
C01334,morning_office_goer,True,2
C01276,morning_office_goer,True,2
C00585,morning_office_goer,True,6
C00843,morning_office_goer,True,3
C00927,college_student,True,5
C00136,quick_lunch_person,True,14
C00463,morning_office_goer,True,3
C01140,family_visitor,True,1
C01496,family_visitor,True,3
C01433,college_student,True,2
C01451,morning_office_goer,True,4
C00442,family_visitor,True,1
C01720,dessert_and_snack_lover,True,2
C01168,college_student,True,2
C01991,college_student,True,1
C01061,college_student,True,2
C00235,college_student,True,9
C00352,dessert_and_snack_lover,True,2
C01925,dessert_and_snack_lover,True,3
C01064,quick_lunch_person,True,2
C00177,morning_office_goer,True,18
C00118,dessert_and_snack_lover,True,11
C00212,dessert_and_snack_lover,True,6
C00796,morning_office_goer,True,5
C00061,dessert_and_snack_lover,True,14
C01125,morning_office_goer,True,2
C01468,morning_office_goer,True,2
C00332,dessert_and_snack_lover,True,7
C01958,morning_office_goer,True,1
C01736,morning_office_goer,True,3
C00411,dessert_and_snack_lover,True,7
C00062,morning_office_goer,True,20
C01102,college_student,True,3
C01855,morning_office_goer,True,1
C01487,morning_office_goer,True,2
C01671,morning_office_goer,True,5
C01976,morning_office_goer,True,3
C01032,dessert_and_snack_lover,True,4
C01228,morning_office_goer,True,2
C00577,morning_office_goer,True,6
C00548,dessert_and_snack_lover,True,5
C01507,dessert_and_snack_lover,True,3
C01794,quick_lunch_person,True,2
C01206,morning_office_goer,True,3
C00730,dessert_and_snack_lover,True,4
C00486,college_student,True,2
C00243,college_student,True,8
C00089,morning_office_goer,True,12
C00923,college_student,True,5
C00806,college_student,True,5
C00354,morning_office_goer,True,7
C01260,morning_office_goer,True,3
C00169,quick_lunch_person,True,11
C00791,dessert_and_snack_lover,True,2
C00517,college_student,True,9
C00094,dessert_and_snack_lover,True,5
C01466,college_student,True,3
C00738,quick_lunch_person,True,4
C01357,dessert_and_snack_lover,True,4
C00878,college_student,True,3
C01306,morning_office_goer,True,4
C00797,dessert_and_snack_lover,True,6
C01014,college_student,True,2
C01475,dessert_and_snack_lover,True,2
C01439,dessert_and_snack_lover,True,2
C01264,dessert_and_snack_lover,True,2
C00985,family_visitor,True,3
C01288,quick_lunch_person,True,3
C00633,college_student,True,4
C01911,college_student,True,6
C00675,college_student,True,5
C00464,morning_office_goer,True,7
C01041,morning_office_goer,True,7
C00466,morning_office_goer,True,8
C01827,morning_office_goer,True,3
C00672,morning_office_goer,True,3
C01689,family_visitor,True,3
C01712,morning_office_goer,True,1
C00819,morning_office_goer,True,5
C00553,dessert_and_snack_lover,True,5
C00643,morning_office_goer,True,2
C01875,morning_office_goer,True,2
C01854,morning_office_goer,True,3
C01004,dessert_and_snack_lover,True,2
C00367,morning_office_goer,True,6
C01071,morning_office_goer,True,3
C01987,morning_office_goer,True,3
C00268,dessert_and_snack_lover,True,7
C00306,college_student,True,6
C00835,dessert_and_snack_lover,True,3
C00798,dessert_and_snack_lover,True,2
C00728,dessert_and_snack_lover,True,4
C01740,quick_lunch_person,True,3
C00687,dessert_and_snack_lover,True,1
C01924,dessert_and_snack_lover,True,2
C01529,morning_office_goer,True,6
C01410,morning_office_goer,True,4
C00341,college_student,True,2
C01851,dessert_and_snack_lover,True,2
C01092,morning_office_goer,True,4
C00656,college_student,True,4
C00022,dessert_and_snack_lover,True,33
C01160,morning_office_goer,True,3
C00812,dessert_and_snack_lover,True,3
C00274,morning_office_goer,True,12
C00552,morning_office_goer,True,4
C01164,morning_office_goer,True,5
C00131,morning_office_goer,True,8
C00312,morning_office_goer,True,8
C00353,quick_lunch_person,True,4
C00593,morning_office_goer,True,1
C00839,dessert_and_snack_lover,True,6
C01394,morning_office_goer,True,2
C00386,dessert_and_snack_lover,True,4
C00860,morning_office_goer,True,5
C00147,college_student,True,12
C00420,dessert_and_snack_lover,True,4
C00521,family_visitor,True,2
C00823,quick_lunch_person,True,5
C01174,dessert_and_snack_lover,True,1
C00872,college_student,True,2
C00880,family_visitor,True,5
C01436,dessert_and_snack_lover,True,2
C00895,college_student,True,6
C01178,quick_lunch_person,True,3
C01225,quick_lunch_person,True,2
C00479,morning_office_goer,True,2
C00700,morning_office_goer,True,5
C00437,morning_office_goer,True,2
C00948,morning_office_goer,True,4
C00384,college_student,True,9
C00910,morning_office_goer,True,4
C01983,family_visitor,True,2
C01881,dessert_and_snack_lover,True,3
C00717,morning_office_goer,True,5
C01425,dessert_and_snack_lover,True,4
C00934,dessert_and_snack_lover,True,5
C00982,morning_office_goer,True,2
C00196,dessert_and_snack_lover,True,9
C01420,morning_office_goer,True,5
C00545,morning_office_goer,True,7
C00286,morning_office_goer,True,5
C00928,college_student,True,2
C00364,college_student,True,6
C01556,dessert_and_snack_lover,True,2
C00262,college_student,True,6
C01605,dessert_and_snack_lover,True,2
C00669,morning_office_goer,True,7
C00952,morning_office_goer,True,4
C01591,college_student,True,4
C01866,college_student,True,2
C01371,college_student,True,3
C01435,morning_office_goer,True,5
C00297,dessert_and_snack_lover,True,6
C00415,morning_office_goer,True,8
C00220,dessert_and_snack_lover,True,5
C00734,dessert_and_snack_lover,True,6
C01082,morning_office_goer,True,1
C01858,morning_office_goer,True,3
C00310,quick_lunch_person,True,9
C00072,dessert_and_snack_lover,True,10
C00424,morning_office_goer,True,3
C00275,morning_office_goer,True,3
C00634,morning_office_goer,True,5
C00962,morning_office_goer,True,2
C00753,dessert_and_snack_lover,True,7
C00344,morning_office_goer,True,6
C01333,dessert_and_snack_lover,True,3
C01192,dessert_and_snack_lover,True,4
C00560,dessert_and_snack_lover,True,7
C01709,quick_lunch_person,True,4
C01697,dessert_and_snack_lover,True,3
C01837,college_student,True,1
C01777,dessert_and_snack_lover,True,1
C00688,dessert_and_snack_lover,True,4
C01424,college_student,True,4
C00416,morning_office_goer,True,2
C00368,college_student,True,6
C00761,quick_lunch_person,True,4
C00129,college_student,True,9
C00867,quick_lunch_person,True,3
C00779,dessert_and_snack_lover,True,5
C00294,morning_office_goer,True,7
C00832,morning_office_goer,True,5
C01310,morning_office_goer,True,3
C01744,family_visitor,True,2
C01428,morning_office_goer,True,1
C00527,dessert_and_snack_lover,True,6
C00787,morning_office_goer,True,6
C00224,college_student,True,8
C00719,morning_office_goer,True,5
C00737,morning_office_goer,True,3
C01998,dessert_and_snack_lover,True,3
C01892,morning_office_goer,True,2
C00241,morning_office_goer,True,8
C01112,dessert_and_snack_lover,True,2
C00520,morning_office_goer,True,3
C00969,quick_lunch_person,True,4
C01200,morning_office_goer,True,3
C00282,dessert_and_snack_lover,True,3
C01235,dessert_and_snack_lover,True,3
C00473,dessert_and_snack_lover,True,9
C00840,family_visitor,True,4
C00302,college_student,True,9
C00640,morning_office_goer,True,5
C00325,college_student,True,3
C01406,dessert_and_snack_lover,True,2
C00351,dessert_and_snack_lover,True,1
C00207,college_student,True,5
C00612,family_visitor,True,3
C01053,morning_office_goer,True,2
C00907,dessert_and_snack_lover,True,2
C01793,dessert_and_snack_lover,True,2
C00710,morning_office_goer,True,3
C01667,morning_office_goer,True,3
C01700,morning_office_goer,True,4
C00173,family_visitor,True,6
C00363,college_student,True,6
C00086,dessert_and_snack_lover,True,11
C00128,morning_office_goer,True,4
C01183,morning_office_goer,True,8
C00901,morning_office_goer,True,5
C00250,dessert_and_snack_lover,True,8
C00800,morning_office_goer,True,2
C00359,quick_lunch_person,True,8
C01193,morning_office_goer,True,6
C00484,morning_office_goer,True,3
C01775,dessert_and_snack_lover,True,5
C00597,family_visitor,True,4
C01489,dessert_and_snack_lover,True,3
C00619,dessert_and_snack_lover,True,3
C00247,dessert_and_snack_lover,True,17
C01316,morning_office_goer,True,3
C01105,college_student,True,5
C00650,dessert_and_snack_lover,True,5
C00964,dessert_and_snack_lover,True,3
C01404,dessert_and_snack_lover,True,2
C00610,morning_office_goer,True,5
C00382,quick_lunch_person,True,5
C00238,morning_office_goer,True,6
C00905,college_student,True,4
C01959,dessert_and_snack_lover,True,2
C00925,morning_office_goer,True,1
C01173,morning_office_goer,True,3
C00071,morning_office_goer,True,12
C01472,morning_office_goer,True,2
C00718,morning_office_goer,True,5
C00450,morning_office_goer,True,5
C00153,morning_office_goer,True,8
C00768,morning_office_goer,True,5
C01972,morning_office_goer,True,1
C00747,quick_lunch_person,True,8
C00500,morning_office_goer,True,6
C00328,dessert_and_snack_lover,True,6
C00510,morning_office_goer,True,2
C01803,morning_office_goer,True,4
C00825,morning_office_goer,True,4
C00304,morning_office_goer,True,11
C01025,family_visitor,True,5
C01668,morning_office_goer,True,3
C01965,morning_office_goer,True,3
C00426,morning_office_goer,True,5
C01265,dessert_and_snack_lover,True,5
C01110,dessert_and_snack_lover,True,5
C00879,dessert_and_snack_lover,True,5
C00124,quick_lunch_person,True,17
C00091,dessert_and_snack_lover,True,12
C01711,dessert_and_snack_lover,True,2
C00127,dessert_and_snack_lover,True,10
C00595,morning_office_goer,True,7
C01635,dessert_and_snack_lover,True,2
C01963,morning_office_goer,True,3
C01360,dessert_and_snack_lover,True,4
C01683,morning_office_goer,True,2
C01464,dessert_and_snack_lover,True,3
C01138,college_student,True,4
C00236,college_student,True,9
C01885,morning_office_goer,True,3
C01649,dessert_and_snack_lover,True,2
C00191,morning_office_goer,True,9
C01840,morning_office_goer,True,5
C00399,morning_office_goer,True,5
C00288,morning_office_goer,True,7
C01106,morning_office_goer,True,5
C00319,dessert_and_snack_lover,True,9
C01923,college_student,True,2
C00405,dessert_and_snack_lover,True,6
C00438,college_student,True,5
C01498,dessert_and_snack_lover,True,4
C00303,dessert_and_snack_lover,True,6
C00251,college_student,True,3
C01271,dessert_and_snack_lover,True,7
C00954,dessert_and_snack_lover,True,1
C00254,dessert_and_snack_lover,True,7
C00454,dessert_and_snack_lover,True,2
C01177,morning_office_goer,True,5
C01812,dessert_and_snack_lover,True,4
C00366,college_student,True,7
C00480,family_visitor,True,3
C00965,morning_office_goer,True,2
C00225,morning_office_goer,True,8
C01120,morning_office_goer,True,2
C01792,morning_office_goer,True,2
C01127,morning_office_goer,True,2
C01320,morning_office_goer,True,3
C01561,dessert_and_snack_lover,True,4
C00322,morning_office_goer,True,3
C00683,college_student,True,3
C00741,quick_lunch_person,True,6
C00682,dessert_and_snack_lover,True,2
C00626,dessert_and_snack_lover,True,4
C01798,dessert_and_snack_lover,True,2
C01086,dessert_and_snack_lover,True,5
C00746,college_student,True,3
C01052,morning_office_goer,True,4
C01849,dessert_and_snack_lover,True,3
C00652,dessert_and_snack_lover,True,5
C00209,morning_office_goer,True,6
C01085,quick_lunch_person,True,2
C00444,college_student,True,4
C01852,dessert_and_snack_lover,True,3
C01905,morning_office_goer,True,3
C00598,college_student,True,2
C00999,quick_lunch_person,True,3
C01214,college_student,True,5
C00733,dessert_and_snack_lover,True,3
C01672,morning_office_goer,True,2
C00624,dessert_and_snack_lover,True,3
C01738,college_student,True,2
C00705,dessert_and_snack_lover,True,6
C01229,morning_office_goer,True,4
C01398,morning_office_goer,True,2
C01633,morning_office_goer,True,2
C01021,morning_office_goer,True,6
C00320,quick_lunch_person,True,6
C00938,dessert_and_snack_lover,True,5
C00732,morning_office_goer,True,2
C00474,morning_office_goer,True,2
C01713,morning_office_goer,True,3
C01319,family_visitor,True,1
C00468,quick_lunch_person,True,5
C00822,college_student,True,4
C01445,dessert_and_snack_lover,True,3
C00932,morning_office_goer,True,2
C01961,dessert_and_snack_lover,True,2
C00234,quick_lunch_person,True,6
C00494,morning_office_goer,True,4
C00992,morning_office_goer,True,1
C01805,morning_office_goer,True,3
C01497,morning_office_goer,True,3
C00221,dessert_and_snack_lover,True,7
C01152,morning_office_goer,True,3
C00566,morning_office_goer,True,3
C00508,morning_office_goer,True,3
C00506,college_student,True,4
C01190,dessert_and_snack_lover,True,7
C01262,morning_office_goer,True,3
C00876,morning_office_goer,True,5
C00419,dessert_and_snack_lover,True,6
C00280,dessert_and_snack_lover,True,6
C00589,college_student,True,3
C00960,morning_office_goer,True,3
C01993,dessert_and_snack_lover,True,2
C01694,morning_office_goer,True,4
C01123,morning_office_goer,True,3
C00530,dessert_and_snack_lover,True,7
C00565,morning_office_goer,True,6
C01286,morning_office_goer,True,3
C00120,morning_office_goer,True,10
C01727,dessert_and_snack_lover,True,5
C00273,dessert_and_snack_lover,True,6
C01443,morning_office_goer,True,3
C01181,morning_office_goer,True,5
C00358,morning_office_goer,True,9
C00936,dessert_and_snack_lover,True,1
C00284,family_visitor,True,6
C01055,morning_office_goer,True,4
C00617,dessert_and_snack_lover,True,3
C01010,dessert_and_snack_lover,True,3
C01579,dessert_and_snack_lover,True,4
C01035,college_student,True,2
C01829,college_student,True,4
C00505,morning_office_goer,True,3
C01912,dessert_and_snack_lover,True,3
C00727,morning_office_goer,True,6
C01868,morning_office_goer,True,2
C00613,morning_office_goer,True,3
C00431,dessert_and_snack_lover,True,5
C00921,morning_office_goer,True,3
C00361,dessert_and_snack_lover,True,6
C01749,morning_office_goer,True,5
C01355,morning_office_goer,True,2
C00767,dessert_and_snack_lover,True,7
C00150,quick_lunch_person,True,9
C01027,dessert_and_snack_lover,True,4
C01463,dessert_and_snack_lover,True,2
C01470,morning_office_goer,True,3
C01434,quick_lunch_person,True,2
C01929,quick_lunch_person,True,2
C01077,dessert_and_snack_lover,True,4
C00461,dessert_and_snack_lover,True,1
C01251,morning_office_goer,True,2
C01089,family_visitor,True,1
C01834,dessert_and_snack_lover,True,1
C01147,dessert_and_snack_lover,True,5
C00543,college_student,True,6
C00677,college_student,True,3
C01165,dessert_and_snack_lover,True,3
C01616,dessert_and_snack_lover,True,5
C01149,college_student,True,1
C01382,dessert_and_snack_lover,True,3
C01922,dessert_and_snack_lover,True,3
C01482,morning_office_goer,True,4
C01846,morning_office_goer,True,2
C01480,morning_office_goer,True,1
C00947,morning_office_goer,True,3
C01386,morning_office_goer,True,1
C00883,morning_office_goer,True,3
C01249,morning_office_goer,True,3
C00180,dessert_and_snack_lover,True,6
C01273,dessert_and_snack_lover,True,4
C00888,college_student,True,3
C01001,quick_lunch_person,True,4
C00174,morning_office_goer,True,6
C01322,college_student,True,3
C01901,morning_office_goer,True,4
C00676,morning_office_goer,True,3
C00786,dessert_and_snack_lover,True,5
C00814,morning_office_goer,True,3
C01377,morning_office_goer,True,2
C00698,morning_office_goer,True,6
C00837,morning_office_goer,True,1
C00724,morning_office_goer,True,1
C01437,dessert_and_snack_lover,True,3
C01057,quick_lunch_person,True,3
C01132,college_student,True,2
C01583,morning_office_goer,True,3
C00771,college_student,True,5
C00299,morning_office_goer,True,7
C01891,dessert_and_snack_lover,True,1
C00263,dessert_and_snack_lover,True,6
C00973,college_student,True,1
C01629,morning_office_goer,True,1
C01598,college_student,True,5
C01018,morning_office_goer,True,2
C01189,family_visitor,True,2
C01826,morning_office_goer,True,4
C01277,morning_office_goer,True,3
C00121,dessert_and_snack_lover,True,10
C00984,quick_lunch_person,True,3
C01565,morning_office_goer,True,1
C01522,morning_office_goer,True,2
C01153,morning_office_goer,True,3
C00554,morning_office_goer,True,3
C01979,dessert_and_snack_lover,True,5
C00427,dessert_and_snack_lover,True,5
C01285,family_visitor,True,2
C00591,college_student,True,3
C01593,dessert_and_snack_lover,True,9
C01083,dessert_and_snack_lover,True,3
C00574,morning_office_goer,True,3
C00722,morning_office_goer,True,4
C00152,dessert_and_snack_lover,True,8
C00356,quick_lunch_person,True,7
C01688,dessert_and_snack_lover,True,3
C00166,morning_office_goer,True,6
C01449,morning_office_goer,True,2
C00376,college_student,True,3
C01966,dessert_and_snack_lover,True,3
C00894,morning_office_goer,True,3
C01257,morning_office_goer,True,4
C01791,family_visitor,True,2
C00602,dessert_and_snack_lover,True,5
C00815,family_visitor,True,3
C00314,morning_office_goer,True,3
C01009,dessert_and_snack_lover,True,3
C01732,college_student,True,2
C00765,college_student,True,2
C00793,dessert_and_snack_lover,True,4
C00579,morning_office_goer,True,4
C00623,morning_office_goer,True,3
C00924,dessert_and_snack_lover,True,2
C01563,morning_office_goer,True,4
C00452,morning_office_goer,True,3
C00542,morning_office_goer,True,7
C00502,morning_office_goer,True,2
C00164,quick_lunch_person,True,8
C01338,morning_office_goer,True,3
C00777,morning_office_goer,True,4
C00101,college_student,True,9
C01134,morning_office_goer,True,4
C01384,morning_office_goer,True,2
C01623,quick_lunch_person,True,3
C00789,college_student,True,8
C01943,college_student,True,2
C00362,quick_lunch_person,True,7
C01832,quick_lunch_person,True,3
C00216,morning_office_goer,True,7
C01554,morning_office_goer,True,2
C01795,morning_office_goer,True,3
C00134,quick_lunch_person,True,11
C01506,morning_office_goer,True,1
C00600,morning_office_goer,True,3
C01268,morning_office_goer,True,3
C00111,dessert_and_snack_lover,True,11
C01293,morning_office_goer,True,2
C01843,morning_office_goer,True,2
C00295,morning_office_goer,True,6
C01971,quick_lunch_person,True,1
C01473,college_student,True,1
C00525,college_student,True,5
C00226,quick_lunch_person,True,6
C00345,college_student,True,5
C00470,dessert_and_snack_lover,True,2
C01139,family_visitor,True,2
C01460,dessert_and_snack_lover,True,3
C01910,dessert_and_snack_lover,True,2
C01407,dessert_and_snack_lover,True,3
C00567,morning_office_goer,True,3
C01415,quick_lunch_person,True,4
C01909,dessert_and_snack_lover,True,3
C00242,dessert_and_snack_lover,True,9
C00534,morning_office_goer,True,5
C01796,dessert_and_snack_lover,True,2
C01370,morning_office_goer,True,3
C01343,morning_office_goer,True,3
C01525,morning_office_goer,True,1
C01486,morning_office_goer,True,1
C00657,family_visitor,True,5
C01665,morning_office_goer,True,2
C00347,morning_office_goer,True,7
C00818,morning_office_goer,True,4
C01188,quick_lunch_person,True,3
C01802,quick_lunch_person,True,2
C01990,dessert_and_snack_lover,True,2
C00788,dessert_and_snack_lover,True,4
C01274,dessert_and_snack_lover,True,5
C01295,dessert_and_snack_lover,True,2
C00975,morning_office_goer,True,3
C01339,family_visitor,True,1
C01758,dessert_and_snack_lover,True,6
C00389,morning_office_goer,True,5
C01677,morning_office_goer,True,4
C00239,morning_office_goer,True,9
C00692,morning_office_goer,True,5
C00711,dessert_and_snack_lover,True,4
C00804,dessert_and_snack_lover,True,5
C01186,dessert_and_snack_lover,True,2
C00489,dessert_and_snack_lover,True,6
C01314,morning_office_goer,True,4
C01327,morning_office_goer,True,1
C01520,morning_office_goer,True,2
C01595,morning_office_goer,True,2
C00816,dessert_and_snack_lover,True,5
C00760,morning_office_goer,True,7
C01841,morning_office_goer,True,2
C01799,morning_office_goer,True,4
C00388,college_student,True,9
C00278,morning_office_goer,True,8
C00316,dessert_and_snack_lover,True,6
C00194,dessert_and_snack_lover,True,6
C01062,dessert_and_snack_lover,True,1
C01356,dessert_and_snack_lover,True,2
C00735,college_student,True,4
C00703,dessert_and_snack_lover,True,6
C00417,dessert_and_snack_lover,True,3
C01300,dessert_and_snack_lover,True,3
C00205,dessert_and_snack_lover,True,4
C00375,morning_office_goer,True,6
C01080,college_student,True,3
C01887,dessert_and_snack_lover,True,5
C01197,college_student,True,4
C00707,morning_office_goer,True,4
C01114,college_student,True,3
C00189,college_student,True,5
C00647,dessert_and_snack_lover,True,8
C01108,family_visitor,True,4
C01211,dessert_and_snack_lover,True,4
C00680,college_student,True,2
C00781,college_student,True,5
C01627,morning_office_goer,True,2
C00336,morning_office_goer,True,5
C01804,morning_office_goer,True,5
C01331,morning_office_goer,True,5
C01148,morning_office_goer,True,1
C01369,morning_office_goer,True,1
C01816,dessert_and_snack_lover,True,1
C01146,dessert_and_snack_lover,True,3
C01586,morning_office_goer,True,3
C01814,college_student,True,2
C01893,morning_office_goer,True,3
C01029,dessert_and_snack_lover,True,2
C01075,morning_office_goer,True,2
C01664,morning_office_goer,True,2
C01347,family_visitor,True,2
C00939,morning_office_goer,True,5
C01968,morning_office_goer,True,2
C01019,morning_office_goer,True,2
C01631,morning_office_goer,True,2
C01773,morning_office_goer,True,2
C01129,morning_office_goer,True,2
C00513,dessert_and_snack_lover,True,4
C01630,dessert_and_snack_lover,True,3
C01419,quick_lunch_person,True,2
C01033,morning_office_goer,True,2
C01753,family_visitor,True,1
C01374,quick_lunch_person,True,3
C00400,dessert_and_snack_lover,True,4
C01210,college_student,True,4
C01301,dessert_and_snack_lover,True,1
C01455,morning_office_goer,True,3
C00255,morning_office_goer,True,3
C01845,morning_office_goer,True,3
C00751,morning_office_goer,True,5
C00980,morning_office_goer,True,4
C01349,dessert_and_snack_lover,True,3
C00890,college_student,True,2
C01232,dessert_and_snack_lover,True,4
C00745,college_student,True,2
C00881,dessert_and_snack_lover,True,3
C01778,dessert_and_snack_lover,True,2
C01034,morning_office_goer,True,3
C00404,morning_office_goer,True,4
C01693,morning_office_goer,True,3
C01642,morning_office_goer,True,2
C01899,dessert_and_snack_lover,True,2
C01380,dessert_and_snack_lover,True,3
C00857,dessert_and_snack_lover,True,4
C00509,morning_office_goer,True,5
C01755,dessert_and_snack_lover,True,2
C01124,morning_office_goer,True,1
C00956,college_student,True,3
C01860,dessert_and_snack_lover,True,3
C00396,morning_office_goer,True,8
C00908,quick_lunch_person,True,5
C01403,dessert_and_snack_lover,True,2
C01161,morning_office_goer,True,2
C00653,morning_office_goer,True,3
C01290,dessert_and_snack_lover,True,2
C00780,college_student,True,5
C00644,college_student,True,4
C00695,quick_lunch_person,True,3
C00773,morning_office_goer,True,5
C01907,morning_office_goer,True,1
C01862,morning_office_goer,True,2
C00092,morning_office_goer,True,7
C00712,college_student,True,8
C00133,dessert_and_snack_lover,True,8
C01754,morning_office_goer,True,2
C01484,morning_office_goer,True,2
C00084,dessert_and_snack_lover,True,12
C00569,quick_lunch_person,True,4
C00685,quick_lunch_person,True,4
C00970,college_student,True,3
C01254,dessert_and_snack_lover,True,2
C00472,dessert_and_snack_lover,True,7
C00983,dessert_and_snack_lover,True,1
C00558,morning_office_goer,True,3
C00460,dessert_and_snack_lover,True,9
C01534,morning_office_goer,True,1
C00666,morning_office_goer,True,2
C00869,morning_office_goer,True,2
C00292,morning_office_goer,True,7
C01708,morning_office_goer,True,1
C00372,morning_office_goer,True,3
C00754,dessert_and_snack_lover,True,1
C01479,dessert_and_snack_lover,True,4
C01222,dessert_and_snack_lover,True,2
C00811,dessert_and_snack_lover,True,1
C00176,dessert_and_snack_lover,True,6
C01611,family_visitor,True,3
C01781,dessert_and_snack_lover,True,1
C01729,quick_lunch_person,True,1
C01457,morning_office_goer,True,3
C00491,dessert_and_snack_lover,True,3
C01388,dessert_and_snack_lover,True,6
C01309,dessert_and_snack_lover,True,2
C00950,morning_office_goer,True,5
C01516,morning_office_goer,True,3
C01813,morning_office_goer,True,2
C00632,morning_office_goer,True,3
C00253,dessert_and_snack_lover,True,7
C00606,dessert_and_snack_lover,True,1
C00402,quick_lunch_person,True,3
C00661,dessert_and_snack_lover,True,3
C00821,college_student,True,1
C01329,college_student,True,2
C00330,college_student,True,6
C01850,morning_office_goer,True,4
C00503,morning_office_goer,True,3
C01079,morning_office_goer,True,3
C01059,dessert_and_snack_lover,True,4
C01011,morning_office_goer,True,3
C00772,dessert_and_snack_lover,True,3
C00981,college_student,True,5
C01509,college_student,True,3
C00266,morning_office_goer,True,7
C01159,family_visitor,True,2
C00748,college_student,True,5
C01097,morning_office_goer,True,3
C00850,dessert_and_snack_lover,True,1
C01469,quick_lunch_person,True,5
C00499,dessert_and_snack_lover,True,3
C01505,dessert_and_snack_lover,True,3
C01557,college_student,True,2
C01982,college_student,True,2
C01263,college_student,True,3
C01995,morning_office_goer,True,3
C01385,dessert_and_snack_lover,True,4
C01989,morning_office_goer,True,2
C01051,family_visitor,True,2
C00512,morning_office_goer,True,2
C00550,morning_office_goer,True,6
C01956,morning_office_goer,True,2
C00875,morning_office_goer,True,3
C01980,dessert_and_snack_lover,True,4
C00898,college_student,True,3
C00782,dessert_and_snack_lover,True,1
C01731,morning_office_goer,True,2
C00713,quick_lunch_person,True,5
C00592,dessert_and_snack_lover,True,8
C00868,dessert_and_snack_lover,True,4
C01307,family_visitor,True,2
C01100,morning_office_goer,True,1
C00852,morning_office_goer,True,2
C00532,morning_office_goer,True,3
C01643,morning_office_goer,True,1
C00264,morning_office_goer,True,4
C01476,dessert_and_snack_lover,True,2
C01345,family_visitor,True,3
C01884,quick_lunch_person,True,2
C01364,dessert_and_snack_lover,True,4
C01715,dessert_and_snack_lover,True,1
C01204,morning_office_goer,True,2
C00535,dessert_and_snack_lover,True,4
C00762,morning_office_goer,True,3
C01317,dessert_and_snack_lover,True,2
C01950,college_student,True,3
C01510,dessert_and_snack_lover,True,1
C00979,college_student,True,4
C01392,dessert_and_snack_lover,True,4
C00546,family_visitor,True,3
C01336,morning_office_goer,True,2
C01158,morning_office_goer,True,2
C01448,morning_office_goer,True,1
C01006,morning_office_goer,True,2
C01640,college_student,True,3
C00333,dessert_and_snack_lover,True,3
C01039,dessert_and_snack_lover,True,3
C01597,college_student,True,1
C00406,dessert_and_snack_lover,True,2
C00926,morning_office_goer,True,3
C01820,morning_office_goer,True,6
C01491,morning_office_goer,True,2
C00971,morning_office_goer,True,1
C00293,morning_office_goer,True,9
C01297,dessert_and_snack_lover,True,1
C01704,morning_office_goer,True,3
C01674,dessert_and_snack_lover,True,3
C00337,college_student,True,6
C01028,college_student,True,2
C01490,morning_office_goer,True,2
C00828,morning_office_goer,True,2
C01283,dessert_and_snack_lover,True,1
C00447,morning_office_goer,True,3
C00584,dessert_and_snack_lover,True,6
C00165,quick_lunch_person,True,4
C01687,morning_office_goer,True,4
C01247,morning_office_goer,True,1
C00519,dessert_and_snack_lover,True,3
C01175,morning_office_goer,True,3
C01908,morning_office_goer,True,2
C00581,dessert_and_snack_lover,True,1
C01239,college_student,True,2
C01256,morning_office_goer,True,2
C01246,morning_office_goer,True,4
C00348,morning_office_goer,True,6
C01691,dessert_and_snack_lover,True,4
C00808,morning_office_goer,True,3
C00897,dessert_and_snack_lover,True,1
C00485,dessert_and_snack_lover,True,6
C00785,dessert_and_snack_lover,True,3
C01270,dessert_and_snack_lover,True,1
C01622,morning_office_goer,True,2
C00679,college_student,True,3
C00665,college_student,True,4
C01259,quick_lunch_person,True,2
C01291,morning_office_goer,True,2
C01898,dessert_and_snack_lover,True,1
C01191,dessert_and_snack_lover,True,2
C00232,morning_office_goer,True,7
C01115,quick_lunch_person,True,5
C01954,dessert_and_snack_lover,True,3
C01718,morning_office_goer,True,3
C00599,morning_office_goer,True,2
C01128,college_student,True,2
C01877,college_student,True,1
C01682,morning_office_goer,True,2
C00694,family_visitor,True,1
C00778,quick_lunch_person,True,2
C01945,morning_office_goer,True,2
C00639,dessert_and_snack_lover,True,4
C00514,dessert_and_snack_lover,True,5
C01255,college_student,True,1
C00497,dessert_and_snack_lover,True,4
C01237,dessert_and_snack_lover,True,2
C01962,college_student,True,2
C01902,morning_office_goer,True,1
C01065,family_visitor,True,2
C00654,morning_office_goer,True,2
C00996,morning_office_goer,True,2
C00955,dessert_and_snack_lover,True,2
C00350,dessert_and_snack_lover,True,2
C01675,family_visitor,True,3
C01838,family_visitor,True,2
C00847,morning_office_goer,True,1
C01145,dessert_and_snack_lover,True,2
C01750,morning_office_goer,True,4
C01216,morning_office_goer,True,3
C00803,morning_office_goer,True,1
C00834,morning_office_goer,True,5
C00855,morning_office_goer,True,1
C00943,college_student,True,2
C01354,family_visitor,True,1
C01243,morning_office_goer,True,1
C00858,college_student,True,3
C01601,dessert_and_snack_lover,True,2
C01701,morning_office_goer,True,3
C00204,dessert_and_snack_lover,True,7
C01485,dessert_and_snack_lover,True,2
C01789,dessert_and_snack_lover,True,2
C01587,morning_office_goer,True,2
C01728,morning_office_goer,True,3
C01452,dessert_and_snack_lover,True,2
C00918,family_visitor,True,1
C01706,college_student,True,2
C01245,morning_office_goer,True,4
C01266,dessert_and_snack_lover,True,3
C01171,college_student,True,2
C01118,college_student,True,2
C00605,family_visitor,True,4
C00603,college_student,True,7
C01764,morning_office_goer,True,3
C00478,morning_office_goer,True,4
C01897,morning_office_goer,True,2
C01169,morning_office_goer,True,2
C01187,dessert_and_snack_lover,True,3
C01418,dessert_and_snack_lover,True,1
C00784,morning_office_goer,True,2
C01765,morning_office_goer,True,2
C01960,morning_office_goer,True,2
C01104,dessert_and_snack_lover,True,3
C00957,college_student,True,1
C00559,quick_lunch_person,True,3
C01539,morning_office_goer,True,1
C01515,morning_office_goer,True,1
C01608,morning_office_goer,True,2
C00531,morning_office_goer,True,4
C00630,morning_office_goer,True,4
C01167,dessert_and_snack_lover,True,3
C01986,dessert_and_snack_lover,True,2
C00913,morning_office_goer,True,6
C01471,dessert_and_snack_lover,True,3
C01390,dessert_and_snack_lover,True,3
C00783,college_student,True,2
C01031,family_visitor,True,1
C01037,quick_lunch_person,True,3
C01890,college_student,True,2
C01056,college_student,True,3
C00829,college_student,True,3
C00537,morning_office_goer,True,1
C00990,morning_office_goer,True,1
C01340,morning_office_goer,True,3
C01797,dessert_and_snack_lover,True,1
C01203,dessert_and_snack_lover,True,3
C01454,dessert_and_snack_lover,True,1
C01746,dessert_and_snack_lover,True,3
C01399,morning_office_goer,True,3
C01779,morning_office_goer,True,3
C01351,dessert_and_snack_lover,True,1
C01304,family_visitor,True,3
C01278,quick_lunch_person,True,3
C00929,college_student,True,3
C01733,morning_office_goer,True,2
C01918,family_visitor,True,2
C01244,family_visitor,True,2
C01012,morning_office_goer,True,1
C01973,college_student,True,2
C01947,morning_office_goer,True,1
C01383,morning_office_goer,True,1
C01784,dessert_and_snack_lover,True,1
C01242,morning_office_goer,True,2
C00972,family_visitor,True,4
C01785,dessert_and_snack_lover,True,2
C01716,dessert_and_snack_lover,True,2
C01502,dessert_and_snack_lover,True,3
C01258,morning_office_goer,True,2
C01663,family_visitor,True,1
C00978,morning_office_goer,True,2
C00453,morning_office_goer,True,5
C01634,college_student,True,1
C00296,morning_office_goer,True,2
C00524,dessert_and_snack_lover,True,4
C01044,morning_office_goer,True,6
C01002,dessert_and_snack_lover,True,2
C01003,college_student,True,2
C00357,quick_lunch_person,True,4
C01847,dessert_and_snack_lover,True,2
C01800,morning_office_goer,True,1
C00946,morning_office_goer,True,2
C01069,morning_office_goer,True,3
C01543,morning_office_goer,True,3
C01372,dessert_and_snack_lover,True,4
C01431,dessert_and_snack_lover,True,2
C01093,dessert_and_snack_lover,True,3
C01782,dessert_and_snack_lover,True,2
C01681,morning_office_goer,True,1
C00935,morning_office_goer,True,2
C00441,dessert_and_snack_lover,True,3
C00490,college_student,True,1
C01871,morning_office_goer,True,2
C00627,quick_lunch_person,True,3
C01066,morning_office_goer,True,2
C01332,morning_office_goer,True,1
C01842,family_visitor,True,1
C01413,dessert_and_snack_lover,True,1
C00667,dessert_and_snack_lover,True,3
C01607,quick_lunch_person,True,1
C01362,quick_lunch_person,True,1
C01058,morning_office_goer,True,4
C01550,morning_office_goer,True,1
C01590,morning_office_goer,True,2
C01026,dessert_and_snack_lover,True,4
C01927,dessert_and_snack_lover,True,2
C01493,college_student,True,1
C01919,dessert_and_snack_lover,True,1
C01179,college_student,True,2
C01430,family_visitor,True,2
C00755,morning_office_goer,True,1
C00260,morning_office_goer,True,4
C00391,morning_office_goer,True,4
C00904,dessert_and_snack_lover,True,3
C00315,morning_office_goer,True,4
C00335,college_student,True,2
C01724,dessert_and_snack_lover,True,1
C01944,family_visitor,True,2
C00882,dessert_and_snack_lover,True,5
C00914,college_student,True,5
C01526,morning_office_goer,True,1
C01808,morning_office_goer,True,1
C00547,college_student,True,5
C01817,morning_office_goer,True,1
C00459,morning_office_goer,True,4
C00833,morning_office_goer,True,4
C00240,dessert_and_snack_lover,True,5
C01894,dessert_and_snack_lover,True,2
C01367,college_student,True,4
C01109,family_visitor,True,2
C00906,dessert_and_snack_lover,True,2
C00436,morning_office_goer,True,2
C01882,morning_office_goer,True,1
C01921,dessert_and_snack_lover,True,1
C01323,dessert_and_snack_lover,True,2
C01783,dessert_and_snack_lover,True,1
C01889,dessert_and_snack_lover,True,2
C01096,morning_office_goer,True,3
C00817,morning_office_goer,True,3
C01213,dessert_and_snack_lover,True,2
C01508,college_student,True,1
C00395,family_visitor,True,4
C01423,morning_office_goer,True,2
C01090,family_visitor,True,2
C01063,morning_office_goer,True,2
C01296,morning_office_goer,True,2
C00440,family_visitor,True,3
C00331,morning_office_goer,True,1
C00884,morning_office_goer,True,2
C00961,morning_office_goer,True,3
C01303,morning_office_goer,True,2
C01880,morning_office_goer,True,1
C00709,morning_office_goer,True,2
C01603,dessert_and_snack_lover,True,1
C00349,family_visitor,True,1
C00731,dessert_and_snack_lover,True,2
C01312,morning_office_goer,True,2
C01600,morning_office_goer,True,1
C01318,dessert_and_snack_lover,True,2
C01241,dessert_and_snack_lover,True,3
C00959,dessert_and_snack_lover,True,1
C00863,morning_office_goer,True,2
C01358,family_visitor,True,1
C01602,morning_office_goer,True,2
C01617,morning_office_goer,True,2
C01536,college_student,True,2
C01582,college_student,True,2
C01653,morning_office_goer,True,1
C00662,morning_office_goer,True,3
C01596,morning_office_goer,True,1
C01604,dessert_and_snack_lover,True,3
C00915,dessert_and_snack_lover,True,2
C01997,dessert_and_snack_lover,True,2
C00750,dessert_and_snack_lover,True,2
C01619,family_visitor,True,1
C01833,dessert_and_snack_lover,True,1
C01328,dessert_and_snack_lover,True,1
C01361,family_visitor,True,1
C01408,quick_lunch_person,True,3
C01219,dessert_and_snack_lover,True,1
C01076,morning_office_goer,True,1
C01142,morning_office_goer,True,2
C00539,morning_office_goer,True,1
C01815,family_visitor,True,2
C00758,college_student,True,3
C01054,quick_lunch_person,True,2
C01442,dessert_and_snack_lover,True,2
C01824,morning_office_goer,True,2
C00476,morning_office_goer,True,1
C01378,dessert_and_snack_lover,True,1
C00893,family_visitor,True,2
C00854,dessert_and_snack_lover,True,1
C00412,college_student,True,4
C01348,morning_office_goer,True,1
C00370,morning_office_goer,True,1
C01342,morning_office_goer,True,2
C01287,morning_office_goer,True,1
C00487,dessert_and_snack_lover,True,3
C01036,dessert_and_snack_lover,True,1
C01450,dessert_and_snack_lover,True,1
C01578,morning_office_goer,True,3
C01741,morning_office_goer,True,2
C01651,morning_office_goer,True,3
C01949,dessert_and_snack_lover,True,3
C01126,college_student,True,1
C01456,quick_lunch_person,True,1
C00922,college_student,True,1
C01131,college_student,True,3
C01113,morning_office_goer,True,3
C01759,dessert_and_snack_lover,True,1
C01933,dessert_and_snack_lover,True,2
C00219,morning_office_goer,True,3
C01636,morning_office_goer,True,1
C01326,morning_office_goer,True,4
C00686,morning_office_goer,True,3
C00523,morning_office_goer,True,2
C01776,morning_office_goer,True,1
C01477,morning_office_goer,True,3
C01695,family_visitor,True,2
C00988,quick_lunch_person,True,2
C01280,dessert_and_snack_lover,True,2
C01381,morning_office_goer,True,1
C01060,family_visitor,True,1
C00917,morning_office_goer,True,2
C01478,morning_office_goer,True,2
C01321,college_student,True,1
C01581,dessert_and_snack_lover,True,1
C01698,morning_office_goer,True,2
C01199,family_visitor,True,2
C01337,dessert_and_snack_lover,True,2
C01994,college_student,True,2
C01560,morning_office_goer,True,1
C00428,dessert_and_snack_lover,True,3
C00891,morning_office_goer,True,1
C00457,dessert_and_snack_lover,True,4
C00496,morning_office_goer,True,1
C00689,morning_office_goer,True,3
C00564,morning_office_goer,True,1
C00813,college_student,True,2
C01389,quick_lunch_person,True,1
C01412,family_visitor,True,1
C01527,dessert_and_snack_lover,True,2
C01680,college_student,True,3
C01567,morning_office_goer,True,1
C00511,college_student,True,3
C01974,dessert_and_snack_lover,True,1
C01305,dessert_and_snack_lover,True,2
C01577,morning_office_goer,True,1
C01883,morning_office_goer,True,2
C01821,dessert_and_snack_lover,True,3
C00327,dessert_and_snack_lover,True,5
C01391,quick_lunch_person,True,1
C01570,morning_office_goer,True,4
C01896,dessert_and_snack_lover,True,2
C01048,morning_office_goer,True,2
C00744,dessert_and_snack_lover,True,2
C01272,dessert_and_snack_lover,True,1
C01284,morning_office_goer,True,1
C01117,dessert_and_snack_lover,True,2
C01465,college_student,True,1
C00371,morning_office_goer,True,3
C01552,dessert_and_snack_lover,True,1
C01739,dessert_and_snack_lover,True,4
C01098,morning_office_goer,True,2
C00968,morning_office_goer,True,2
C01511,morning_office_goer,True,2
C01809,morning_office_goer,True,1
C01584,morning_office_goer,True,1
C01747,college_student,True,1
C01696,dessert_and_snack_lover,True,3
C01017,college_student,True,2
C00635,family_visitor,True,3
C00942,morning_office_goer,True,2
C00851,morning_office_goer,True,1
C00886,morning_office_goer,True,1
C01499,quick_lunch_person,True,1
C01072,family_visitor,True,1
C01647,morning_office_goer,True,2
C01714,dessert_and_snack_lover,True,2
C01869,dessert_and_snack_lover,True,2
C01757,college_student,True,1
C01368,morning_office_goer,True,2
C00769,morning_office_goer,True,1
C01831,college_student,True,2
C00729,morning_office_goer,True,3
C01734,morning_office_goer,True,2
C01453,family_visitor,True,1
C00866,college_student,True,1
C00568,family_visitor,True,2
C01939,quick_lunch_person,True,1
C01397,dessert_and_snack_lover,True,4
C01752,morning_office_goer,True,1
C00615,morning_office_goer,True,3
C01988,morning_office_goer,True,1
C00770,morning_office_goer,True,1
C00987,dessert_and_snack_lover,True,2
C01865,family_visitor,True,1
C01483,morning_office_goer,True,1
C01835,dessert_and_snack_lover,True,1
C00628,dessert_and_snack_lover,True,2
C00792,dessert_and_snack_lover,True,1
C01566,morning_office_goer,True,2
C00757,dessert_and_snack_lover,True,1
C01655,morning_office_goer,True,1
C00911,morning_office_goer,True,3
C01429,morning_office_goer,True,1
C01874,college_student,True,1
C00726,dessert_and_snack_lover,True,2
C01350,morning_office_goer,True,1
C01492,morning_office_goer,True,2
C01474,morning_office_goer,True,2
C01467,family_visitor,True,1
C01315,family_visitor,True,1
C01904,morning_office_goer,True,1
C01762,dessert_and_snack_lover,True,1
C01292,college_student,True,2
C01230,family_visitor,True,1
C01176,morning_office_goer,True,1
C00387,dessert_and_snack_lover,True,1
C01876,morning_office_goer,True,2
C01422,dessert_and_snack_lover,True,1
C01863,quick_lunch_person,True,1
C00944,morning_office_goer,True,1
C00953,college_student,True,2
C01544,morning_office_goer,True,1
C01644,family_visitor,True,1
C01150,college_student,True,1
C01344,morning_office_goer,True,1
C00702,morning_office_goer,True,1
C00995,dessert_and_snack_lover,True,1
C01409,morning_office_goer,True,1
C01015,family_visitor,True,1
C00445,morning_office_goer,True,1
C01137,dessert_and_snack_lover,True,1
C01810,dessert_and_snack_lover,True,1
C00899,family_visitor,True,1
C01559,college_student,True,1
C01620,family_visitor,True,1
C01046,morning_office_goer,True,1
C00691,morning_office_goer,True,1
C01806,dessert_and_snack_lover,True,1
C01981,quick_lunch_person,True,1
C00604,dessert_and_snack_lover,True,1
C01269,college_student,True,1
C01915,dessert_and_snack_lover,True,1
C01548,morning_office_goer,True,1
C01144,morning_office_goer,True,3
C00902,morning_office_goer,True,2
C01638,dessert_and_snack_lover,True,2
C00824,morning_office_goer,True,2
C01625,dessert_and_snack_lover,True,1
C01606,college_student,True,1
C00575,dessert_and_snack_lover,True,1
C01895,morning_office_goer,True,1
C01610,morning_office_goer,True,1
C01365,morning_office_goer,True,1
C00622,morning_office_goer,True,1
C01212,morning_office_goer,True,1
C01375,dessert_and_snack_lover,True,1
C01669,morning_office_goer,True,1
C00849,quick_lunch_person,True,1
C01330,dessert_and_snack_lover,True,1
C00933,dessert_and_snack_lover,True,1
